StudentID,Maths,Python,ML,TotalMarks,Percentage,Result
101,78,85,90,253,84.33333333333333,Pass
102,65,70,60,195,65.0,Pass
103,88,92,95,275,91.66666666666667,Pass
104,50,60,45,155,51.666666666666664,Pass
105,80,88,84,252,84.0,Pass
